query,recipe_id
carrot,35169
carrot,35171
carrot,47893
carrot,36259
carrot,47233
carrot,46993
carrot,47269
carrot,46879
carrot,47070
carrot,54419
carrot,47167
carrot,35168
carrot,3a6137
carrot,055aae
carrot,49640
carrot,aad814
carrot,46876
carrot,9cf486
carrot,34225f
carrot,36520
carrot,35109
carrot,46923
carrot,47289
broccoli,47923
broccoli,35196
broccoli,055aae
broccoli,43eadb
broccoli,46976
broccoli,16580
broccoli,bc5311
broccoli,36844
broccoli,94f563
broccoli,72faad
broccoli,47869
broccoli,37871
broccoli,48979
broccoli,13674
broccoli,12170e
broccoli,35845
broccoli,4755
broccoli,4795
broccoli,12302
broccoli,423fc1
broccoli,14546
broccoli,26916
broccoli,3645
broccoli,588e5c
broccoli,3e0262
broccoli,4cf9de
asparagus,5cc4a8
asparagus,d18229
asparagus,35671
asparagus,46944
asparagus,35087
asparagus,bc5311
asparagus,35729
asparagus,9b0e8c
asparagus,47984
asparagus,35731
asparagus,7056
asparagus,47278
asparagus,35584
asparagus,36841
asparagus,504bb7
asparagus,2faf54
asparagus,811e02
asparagus,18633
asparagus,39878
asparagus,54394
asparagus,47871
asparagus,46869
asparagus,49331
asparagus,35734
asparagus,13663
asparagus,524e56
asparagus,36159
asparagus,15443
asparagus,48066
cauliflower,35540
cauliflower,47269
cauliflower,41470
cauliflower,36847
cauliflower,94e1a4
cauliflower,41460
cauliflower,16580
cauliflower,ff94b3
cauliflower,26911
cauliflower,35262
cauliflower,03fe80
cauliflower,48014
cauliflower,54294
cauliflower,49436
cauliflower,35539
cauliflower,35317
cauliflower,423fc1
cauliflower,1ef4aa
cauliflower,49537
cauliflower,c26bfe
cauliflower,988064
cauliflower,7cad96
cauliflower,588e5c
cauliflower,47872
cauliflower,a32dab
cauliflower,54281
cauliflower,bdf648
corn,36259
corn,47064
corn,fda812
corn,fe49aa
corn,28924
corn,8a4c0f
corn,46985
corn,46987
corn,54455
corn,47297
corn,46949
corn,26057
corn,4386
corn,31074
corn,35628
corn,46972
corn,47946
corn,10546
corn,36808
corn,49408
corn,606bf4
corn,48921
corn,36016
corn,35236
corn,47014
corn,35294
cucumber,47334
cucumber,3a6137
cucumber,46923
cucumber,3633b2
cucumber,39635
cucumber,46944
cucumber,baaa28
cucumber,54375
cucumber,36357
cucumber,46974
cucumber,36561
cucumber,35511
cucumber,47985
cucumber,ee6fc1
cucumber,47034
cucumber,47606
cucumber,99237a
cucumber,36924
cucumber,46869
cucumber,a551a8
cucumber,35271
cucumber,37909
cucumber,39062
cucumber,49308
green pepper,29159
green pepper,46996
green pepper,16553
green pepper,35477
green pepper,47064
green pepper,7fcd69
green pepper,ccaf14
green pepper,4386
green pepper,2ec050
green pepper,47146
green pepper,12970
green pepper,36536
green pepper,9307
green pepper,6260
green pepper,0fb8f4
green pepper,29102
green pepper,28724
green pepper,46899
green pepper,46892
green pepper,7186
green pepper,32496
green pepper,36887
green pepper,5123
green pepper,8960
green pepper,47092
green pepper,7542
green pepper,33863
green pepper,33891
lettuce,54400
lettuce,ddb388
lettuce,9eb23b
lettuce,46949
lettuce,28161
lettuce,35629
lettuce,47106
lettuce,35119
lettuce,35109
lettuce,35624
lettuce,46923
lettuce,339ce3
lettuce,48055
lettuce,3633b2
lettuce,35096
lettuce,46873
lettuce,12970
lettuce,36794
lettuce,46974
lettuce,35345
lettuce,694798
lettuce,f852ec
lettuce,35956
lettuce,35170
lettuce,37128
lettuce,35874
mushrooms,47078
mushrooms,46953
mushrooms,7fcd69
mushrooms,28878
mushrooms,47036
mushrooms,47007
mushrooms,6fab1c
mushrooms,3618e0
mushrooms,3763
mushrooms,b5acb9
mushrooms,36453
mushrooms,27464
mushrooms,46870
mushrooms,35671
mushrooms,46944
mushrooms,bc5311
mushrooms,7294
mushrooms,35548
mushrooms,2559
mushrooms,47881
mushrooms,7202
mushrooms,35546
mushrooms,36794
mushrooms,7faef6
mushrooms,14825
mushrooms,23494
onion,35169
onion,35107
onion,35171
onion,35437
onion,16553
onion,36259
onion,690
onion,29159
onion,46908
onion,46996
onion,47032
onion,47078
onion,47166
onion,47194
onion,47233
onion,686088
onion,54400
onion,54427
onion,12360
onion,46946
onion,46993
onion,47084
onion,35540
onion,46953
onion,35404
onion,35081
potato,35169
potato,36665
potato,36259
potato,690
potato,47319
potato,a75af6
potato,31372
potato,46879
potato,38773
potato,35109
potato,36422
potato,54454
potato,6fab1c
potato,316ca9
potato,3763
potato,36720
potato,47612
potato,28921
potato,11264
potato,36175
potato,e1e561
potato,0c147f
potato,f2fb49
potato,38280
potato,8ead9e
pumpkin,36665
pumpkin,166dae
pumpkin,54463
pumpkin,35499
pumpkin,46983
pumpkin,54460
pumpkin,918d41
pumpkin,47197
pumpkin,d6fb11
pumpkin,25630
pumpkin,54466
pumpkin,46979
pumpkin,8d9f72
pumpkin,47946
pumpkin,37079
pumpkin,32779
pumpkin,47979
pumpkin,47857
pumpkin,36785
pumpkin,3fe0ed
pumpkin,25585
pumpkin,37045
pumpkin,35549
pumpkin,36784
pumpkin,1feda1
pumpkin,54327
red pepper,46889
red pepper,0d8013
red pepper,35218
red pepper,5a9584
red pepper,f1b102
red pepper,e02c92
red pepper,a2e45b
red pepper,65f621
red pepper,c56351
red pepper,47043
red pepper,6511ed
red pepper,c374f5
red pepper,44e190
red pepper,48881
red pepper,ae0824
red pepper,46f54e
red pepper,c3614e
red pepper,50841
red pepper,8bfe9e
red pepper,54429
red pepper,abf56a
red pepper,2e3b72
red pepper,50886
red pepper,726a33
red pepper,feec1d
red pepper,e3d2f0
tomato,29159
tomato,36718
tomato,46996
tomato,47194
tomato,47233
tomato,8f3e73
tomato,54400
tomato,54427
tomato,e9e277
tomato,47064
tomato,35186
tomato,ddb388
tomato,34678
tomato,54419
tomato,46884
tomato,28924
tomato,19d885
tomato,47275
tomato,47023
tomato,47019
tomato,26417
tomato,28161
tomato,49640
tomato,46933
tomato,4c833e
tomato,35629
beetroot,3f4dd4
beetroot,41fd92
beetroot,18091f
beetroot,5cdf25
beetroot,f9fee1
beetroot,dfd7c1
beetroot,6449f1
beetroot,8713bb
beetroot,7bd7fd
beetroot,cd98da
beetroot,bb682c
beetroot,3506
beetroot,e598cc
beetroot,0d1445
beetroot,526695
beetroot,4d0551
beetroot,c30d4f
beetroot,3d971a
beetroot,eaab5b
beetroot,ae7e16
beetroot,6bacf5
beetroot,d8a72f
beetroot,f0f556
beetroot,af73eb
beetroot,352c52
brussel sprouts,26879
brussel sprouts,36845
brussel sprouts,47880
brussel sprouts,7521ce
brussel sprouts,60c23a
brussel sprouts,38468
brussel sprouts,48940
brussel sprouts,381365
brussel sprouts,39960
brussel sprouts,38362
brussel sprouts,501cf4
brussel sprouts,39634
brussel sprouts,38728
brussel sprouts,dfece5
brussel sprouts,39201
brussel sprouts,52a0dc
brussel sprouts,6a0b66
brussel sprouts,983c2a
brussel sprouts,17b109
brussel sprouts,acaca4
brussel sprouts,78714a
brussel sprouts,35855
brussel sprouts,16714
brussel sprouts,ec5e46
brussel sprouts,f63af9
brussel sprouts,af9a88
brussel sprouts,40193
peas,36259
peas,46946
peas,47090
peas,38773
peas,5cc4a8
peas,47106
peas,47609
peas,46922
peas,3763
peas,47067
peas,46942
peas,47865
peas,39584
peas,30237
peas,6b95ab
peas,35929
peas,48017
peas,39214
peas,48976
peas,39926
peas,35474
peas,14546
peas,33863
peas,9b4a4a
peas,679921
peas,a8bfe7
zucchini,4327
zucchini,54419
zucchini,23350
zucchini,35394
zucchini,47902
zucchini,36011
zucchini,47036
zucchini,34963
zucchini,339ce3
zucchini,5536
zucchini,37151
zucchini,47775
zucchini,17551
zucchini,54320
zucchini,47011
zucchini,37122
zucchini,54347
zucchini,37155
zucchini,47041
zucchini,57793e
zucchini,32219
zucchini,54670
zucchini,36727
zucchini,db83f1
zucchini,12a188
zucchini,37379
zucchini,47100
zucchini,35199
radish,36767
radish,47990
radish,56c0e4
radish,50480
radish,6b3e05
radish,37909
radish,39062
radish,35669
radish,38810
radish,48991
radish,62020f
radish,35392
radish,11882e
radish,dd55b3
radish,47870
radish,49384
radish,33914
radish,9f7d11
radish,37127
radish,fe922c
radish,0e9d42
radish,abc3b1
radish,47878
sweet potato,54a480
sweet potato,e4f543
sweet potato,ab24eb
sweet potato,47941
sweet potato,a15e58
sweet potato,33a2c6
sweet potato,6eeec1
sweet potato,a37e77
sweet potato,49412
sweet potato,6fa6ec
sweet potato,39393
sweet potato,7fce45
sweet potato,31a971
sweet potato,31723
sweet potato,5712
sweet potato,c125ea
sweet potato,ae88c6
sweet potato,17412
sweet potato,2629
sweet potato,42ddec
sweet potato,d6f97f
sweet potato,7ccd9f
sweet potato,c87335
sweet potato,dc81a7
sweet potato,2630
sweet potato,ff8d4f
sweet potato,39699
sweet potato,3a0332
artichoke,316ca9
artichoke,46889
artichoke,47196
artichoke,40d135
artichoke,49331
artichoke,35730
artichoke,47623
artichoke,54513
artichoke,15233
artichoke,94941e
artichoke,20866
artichoke,87771f
artichoke,61318c
artichoke,35533
artichoke,9ed713
artichoke,38117
artichoke,94c549
artichoke,36516
artichoke,a10883
artichoke,7af965
artichoke,47131
artichoke,1709
artichoke,54459
artichoke,ff70d8
artichoke,28422
leek,d18229
leek,47732
leek,35087
leek,38280
leek,36770
leek,35262
leek,2c910e
leek,0c8922
leek,47990
leek,6b95ab
leek,afa6d1
leek,f0ef65
leek,a8bfe7
leek,49331
leek,39941
leek,f823b2
leek,8c4ad4
leek,37000
leek,48094
leek,2c1288
leek,9c7479
leek,9782d5
leek,c8d9cf
leek,38649
leek,3756
leek,49844
leek,48688
cabbage,47334
cabbage,3a6137
cabbage,13344
cabbage,36767
cabbage,35236
cabbage,47021
cabbage,48667
cabbage,46931
cabbage,279062
cabbage,37478
cabbage,30937
cabbage,36104
cabbage,48017
cabbage,35131
cabbage,36506
cabbage,35823
cabbage,13271
cabbage,9554
cabbage,15536
cabbage,16157
cabbage,48306
cabbage,35261
cabbage,36320
cabbage,35078
cabbage,5377
cabbage,47169
cabbage,12873
celery,35169
celery,35171
celery,47269
celery,4851
celery,46879
celery,47070
celery,35069
celery,54419
celery,47167
celery,35168
celery,49640
celery,aad814
celery,4386
celery,35109
celery,35136
celery,c826a0
celery,48055
celery,d18229
celery,5053
celery,47732
celery,36611
celery,28921
celery,46873
chili,35368
chili,690
chili,16553
chili,35404
chili,54419
chili,28924
chili,19d885
chili,1e8916
chili,48364
chili,46949
chili,46874
chili,46992
chili,35479
chili,4386
chili,31917
chili,35616
chili,39943
chili,36767
chili,35096
chili,47111
chili,47146
chili,d740fd
chili,47008
chili,12970
chili,35294
chili,36770
chili,35910
chili,47039
garlic,47893
garlic,47923
garlic,690
garlic,47194
garlic,a75af6
garlic,46946
garlic,35404
garlic,e9e277
garlic,31372
garlic,15661
garlic,02aaf0
garlic,46893
garlic,46919
garlic,47172
garlic,4500
garlic,19d885
garlic,47275
garlic,26417
garlic,26057
garlic,49640
garlic,46933
garlic,aad814
garlic,47069
garlic,47036
garlic,4386
basil,47025
basil,47923
basil,47032
basil,47233
basil,8f3e73
basil,99b1c6
basil,4851
basil,35186
basil,34678
basil,4500
basil,47023
basil,2495
basil,46943
basil,47019
basil,48364
basil,36339
basil,5cc4a8
basil,4c833e
basil,4386
basil,46923
basil,54392
basil,35852
basil,2ec050
basil,35401
basil,35616
basil,29769
basil,46932
basil,3633b2
coriander,48364
coriander,2fdcab
coriander,47862
coriander,47732
coriander,6132fc
coriander,8ead9e
coriander,36989
coriander,379b00
coriander,bab8b4
coriander,236803
coriander,47ff2e
coriander,2166ae
coriander,32219
coriander,1db784
coriander,b66d90
coriander,2b7564
coriander,12170e
coriander,36449
coriander,2fdc23
coriander,69c809
coriander,f37a75
coriander,ee6fc1
parsley,35437
parsley,47078
parsley,47194
parsley,8f3e73
parsley,e9e277
parsley,47269
parsley,46879
parsley,47101
parsley,35600
parsley,2495
parsley,47167
parsley,35394
parsley,49640
parsley,46874
parsley,47069
parsley,47036
parsley,c8da0f
parsley,46923
parsley,1cea66
parsley,46938
parsley,14238
parsley,47234
parsley,47296
parsley,47732
parsley,955d9e
parsley,46889
dill,ddb388
dill,35600
dill,35394
dill,47902
dill,47106
dill,c5effa
dill,35671
dill,47320
dill,47775
dill,47318
dill,47990
dill,a2c952
dill,35584
dill,47606
dill,47031
dill,99237a
dill,35823
dill,47904
dill,ff50d3
dill,47910
dill,35271
dill,3e0262
dill,35243
dill,30449
dill,35371
rosemary,e7fdb2
rosemary,47319
rosemary,46906
rosemary,47899
rosemary,46993
rosemary,47769
rosemary,49640
rosemary,aad814
rosemary,54454
rosemary,c826a0
rosemary,316ca9
rosemary,35779
rosemary,4f0272
rosemary,47857
rosemary,36611
rosemary,bf7efb
rosemary,35917
rosemary,35758
rosemary,f2fb49
rosemary,47190
rosemary,36398
rosemary,2c910e
rosemary,27036
oregano,47899
oregano,47233
oregano,41470
oregano,4500
oregano,35168
oregano,49640
oregano,46992
oregano,c8da0f
oregano,4386
oregano,13344
oregano,31917
oregano,36223
oregano,14238
oregano,35401
oregano,47862
oregano,339ce3
oregano,36767
oregano,bf7efb
oregano,1b460b
oregano,b81144
oregano,36536
oregano,9307
oregano,7294
oregano,47318
oregano,39414
oregano,baaa28
oregano,54375
cinnamon,166dae
cinnamon,47692
cinnamon,32745
cinnamon,2803
cinnamon,4327
cinnamon,9630
cinnamon,47235
cinnamon,47335
cinnamon,35499
cinnamon,32c865
cinnamon,46983
cinnamon,36482
cinnamon,918d41
cinnamon,8a4c0f
cinnamon,dd18b3
cinnamon,3713d0
cinnamon,46970
cinnamon,29382
cinnamon,29426
cinnamon,10102
cinnamon,23350
cinnamon,47139
cinnamon,29613
cinnamon,1e8916
cinnamon,48364
cinnamon,47197
cinnamon,47710
cinnamon,47143
saffron,47641
saffron,2fdc23
saffron,48976
saffron,48052
saffron,f439a0
saffron,6eb64c
saffron,12240
saffron,7064
saffron,e02c92
saffron,5d5da1
saffron,6dc7d3
saffron,ef79df
saffron,18887
saffron,5ae9e1
saffron,b762a1
saffron,679537
saffron,026098
saffron,48989
saffron,0e078c
saffron,006b78
saffron,aa7e01
saffron,37f6fc
saffron,35825
saffron,17412
saffron,49684
green bean,39486
green bean,f27cad
green bean,1aa1f7
green bean,38401
green bean,db1329
green bean,43b6ba
green bean,3710
green bean,40150
green bean,060e79
green bean,37119
green bean,8b5010
green bean,3073b7
green bean,9c9716
green bean,38539
green bean,2aaab8
green bean,d0aecf
green bean,afc1d5
green bean,39752
green bean,46f9b4
green bean,4322f0
green bean,238a75
green bean,a7ac9c
green bean,6a374c
green bean,32182
bean,54400
bean,16553
bean,690
bean,47084
bean,47064
bean,54419
bean,28924
bean,35168
bean,48364
bean,28161
bean,26057
bean,54438
bean,46992
bean,4386
bean,26354
bean,35628
bean,15004
bean,36808
bean,39943
bean,97486e
bean,47700
bean,35626
bean,606bf4
bean,12970
bean,46944
bean,46941
chickpea,54400
chickpea,54438
chickpea,1cea66
chickpea,47851
chickpea,6132fc
chickpea,379b00
chickpea,48034
chickpea,30237
chickpea,b66d90
chickpea,12170e
chickpea,99237a
chickpea,49834
chickpea,47875
chickpea,d71581
chickpea,36497
chickpea,a7ecf6
chickpea,cf056a
chickpea,49480
chickpea,5a68e5
chickpea,47890
chickpea,1c0fbf
lentil,26417
lentil,47868
lentil,73cf50
lentil,54a480
lentil,38280
lentil,49208f
lentil,379b00
lentil,47865
lentil,48053
lentil,5760e1
lentil,12170e
lentil,19886
lentil,49834
lentil,48052
lentil,8b261a
lentil,e71b55
lentil,36818
lentil,48142
lentil,3fe366
lentil,48137
lentil,47921
lentil,52e040
lentil,32bd33
apple,9630
apple,47335
apple,36482
apple,46896
apple,35187
apple,46853
apple,27558
apple,c54352
apple,47003
apple,35746
apple,47209
apple,46958
apple,1480
apple,54567
apple,47990
apple,4d5358
apple,49507
apple,1481
apple,de147b
apple,46857
apple,47089
apple,35956
apple,47854
apple,48111
apple,1340
apple,37128
apricot,36482
apricot,2fdc23
apricot,e528fa
apricot,24786
apricot,758850
apricot,6dc7d3
apricot,751dce
apricot,13965c
apricot,605921
apricot,9e5536
apricot,61f588
apricot,39595
apricot,49074
apricot,18b73c
apricot,49073
apricot,a7d02e
apricot,8585dd
apricot,1288e0
apricot,fed887
apricot,35719
apricot,13a899
apricot,47350
apricot,ffb7f4
apricot,52353
apricot,e067bc
avocado,47893
avocado,36718
avocado,54384
avocado,54400
avocado,54404
avocado,54427
avocado,48136
avocado,47064
avocado,54426
avocado,54419
avocado,35259
avocado,46949
avocado,628cf2
avocado,5cc4a8
avocado,35479
avocado,35110
avocado,35624
avocado,46923
avocado,47015
avocado,7d8e83
avocado,36767
avocado,2d1843
avocado,35096
avocado,a4f1a5
avocado,606bf4
avocado,35236
avocado,46944
avocado,47014
banana,2803
banana,47692
banana,54489
banana,35760
banana,2734
banana,c79d26
banana,35606
banana,47650
banana,32779
banana,ed9409
banana,49408
banana,35761
banana,37496
banana,17746
banana,54548
banana,38736
banana,9220b6
banana,1d36a7
banana,09a215
banana,49035
banana,b870fa
banana,2fac5e
banana,54341
banana,54425
banana,47002
blackberry,e24bcc
blackberry,47018
blackberry,c74cbe
blackberry,46926
blackberry,3b6458
blackberry,47640
blackberry,00f600
blackberry,54533
blackberry,49675
blackberry,33152
blackberry,11870
blackberry,47844
blackberry,e66564
blackberry,49123
blackberry,53868c
blackberry,35802
blackberry,78c7e8
blackberry,47219
blackberry,80b773
blackberry,4040
blackberry,dcd3c6
blackberry,35804
blackberry,f432da
blackberry,baa7b1
blackberry,79ed50
blackberry,54377
blackberry,50f4d9
blackcurrant,73bff7
blackcurrant,bbf2b7
blackcurrant,63a1a6
blackcurrant,cc87a4
blackcurrant,c0fc6e
blackcurrant,1f4747
blackcurrant,4afb3f
blackcurrant,8decb1
blackcurrant,38aaac
blackcurrant,283966
blueberry,46956
blueberry,32745
blueberry,4327
blueberry,54362
blueberry,18647
blueberry,28e61c
blueberry,f2cfd6
blueberry,7262d7
blueberry,1a6a61
blueberry,35510
blueberry,54364
blueberry,3b6458
blueberry,35151
blueberry,9986ea
blueberry,12f004
blueberry,36139
blueberry,54545
blueberry,34501
blueberry,35157
blueberry,47031
blueberry,e83452
blueberry,47786
blueberry,15a463
blueberry,47117
blueberry,45be6f
blueberry,2d6a8e
blueberry,6420f7
boysenberry,35829
boysenberry,51811
boysenberry,35828
boysenberry,fc9446
boysenberry,fcea85
cherry,204387
cherry,555d64
cherry,47946
cherry,49210
cherry,495802
cherry,9b0e8c
cherry,35232
cherry,9256c0
cherry,47869
cherry,46958
cherry,47328
cherry,36727
cherry,902fe6
cherry,e528fa
cherry,0d8013
cherry,e83452
cherry,39926
cherry,35884
cherry,a10ce0
cherry,35098
cherry,47165
cherry,47859
cherry,bf128e
cherry,47310
cherry,dbe90e
coconut,9089e3
coconut,47692
coconut,112a27
coconut,c79d26
coconut,6e2701
coconut,e4d372
coconut,54399
coconut,47862
coconut,47979
coconut,208efb
coconut,09ed0a
coconut,ed9409
coconut,35740
coconut,38f60b
coconut,54492
coconut,ad44c8
coconut,bc5311
coconut,47894
coconut,212067
coconut,27512
coconut,54265
coconut,54289
coconut,42da8b
coconut,907fe2
coconut,47865
coconut,54395
fig,2ea734
fig,ea8d38
fig,46975
fig,47866
fig,46999
fig,3e3792
fig,46997
fig,35301
fig,47670
fig,49244
fig,35491
fig,38442
fig,38f2a6
fig,39410
fig,50092
fig,37597
fig,0c4128
fig,a39f56
fig,6a6bb5
fig,ae5537
fig,b63c22
fig,f7ee21
fig,be7546
grape,36482
grape,47023
grape,46933
grape,46932
grape,47320
grape,baaa28
grape,15368
grape,47041
grape,34447
grape,12f004
grape,36021
grape,37379
grape,37128
grape,39926
grape,a551a8
grape,38926
grape,46872
grape,37015
grape,36760
grape,35730
grape,7da689
grape,46916
grape,15768
grape,47126
grape,14061
grape,e211d7
grape,6c2468
grape,54336
grapefruit,50141
grapefruit,47820
grapefruit,6efb38
grapefruit,188180
grapefruit,49450
grapefruit,5adaf3
grapefruit,37563
grapefruit,47888
grapefruit,35914
grapefruit,1c1829
grapefruit,1c1d56
grapefruit,04de12
grapefruit,48f396
grapefruit,49078
grapefruit,da5bab
grapefruit,7d85e2
grapefruit,87e5c6
grapefruit,e0e96a
grapefruit,7e87d3
grapefruit,8d496e
grapefruit,0e1ef7
grapefruit,49508
grapefruit,68d85c
grapefruit,5e3f92
grapefruit,37441
grapefruit,9f6d4e
grapefruit,8a107e
kiwifruit,8ad4b7
kiwifruit,13696
kiwifruit,30770
kiwifruit,1b2e3e
kiwifruit,22169
kiwifruit,24934
kiwifruit,590
kiwifruit,9afa78
kiwifruit,b10565
lemon,a6d6e1
lemon,9089e3
lemon,47893
lemon,47923
lemon,36718
lemon,46906
lemon,47032
lemon,47899
lemon,48136
lemon,37367
lemon,4851
lemon,15661
lemon,27537
lemon,8a4c0f
lemon,46883
lemon,47264
lemon,29613
lemon,628cf2
lemon,5cc4a8
lemon,8981
lemon,47902
lemon,aad814
lemon,36847
lime,47334
lime,54384
lime,54404
lime,204387
lime,27537
lime,54362
lime,37707
lime,48364
lime,055aae
lime,8981
lime,7266df
lime,35479
lime,36422
lime,13344
lime,b47042
lime,1e3646
lime,36767
lime,36016
lime,35236
lime,47014
lime,22606
lime,20646
lime,54402
lime,46931
lime,28939
lime,47503
lime,46901
lychee,c82994
lychee,50fc48
lychee,eda11c
lychee,e43621
lychee,ede27a
lychee,f2ea7e
lychee,d8ed88
lychee,e924a0
lychee,d23599
lychee,7832
lychee,239de5
lychee,cbce0e
lychee,51e352
lychee,cf2cf0
lychee,e678ac
lychee,41f078
lychee,33400
lychee,5be56f
lychee,03f8e5
lychee,1ae4fd
lychee,43014
lychee,d4be29
lychee,46770
mandarin,797314
mandarin,48360
mandarin,9157da
mandarin,48995
mandarin,1759d7
mandarin,7e191b
mandarin,14807
mandarin,15750
mandarin,21039
mandarin,30368
mandarin,9902
mandarin,20280
mandarin,35897
mandarin,3787
mandarin,13123
mandarin,566
mandarin,23797
mandarin,b2d79b
mandarin,21097
mandarin,bf36af
mandarin,34717
mandarin,30450
mandarin,7814
mandarin,31150
mandarin,892
mandarin,574073
mandarin,37064
mandarin,2162
mango,54362
mango,46901
mango,36561
mango,b07a47
mango,36560
mango,49172
mango,54483
mango,24786
mango,38748
mango,f54da9
mango,104609
mango,8d4fc7
mango,36320
mango,d1380c
mango,36452
mango,fb6ac1
mango,54472
mango,bbcc10
mango,31cc18
mango,36559
mango,4471
mango,963cb1
mango,8bf9a8
mango,380446
mango,7251a1
mango,50114
mango,47127
mango,e5ccf8
melon,cb856d
melon,46916
melon,db03b9
melon,50fc48
melon,50086
melon,29c5f0
melon,3337e5
melon,49184
melon,de82d7
melon,a66ff0
melon,22515
melon,f43818
melon,c188b5
melon,19129
melon,a41ab8
melon,c36a54
melon,34096e
melon,7c1c37
melon,59515b
melon,49052
melon,49118
melon,22516
melon,38054
melon,49178
melon,614f94
melon,50116
melon,28079
nectarine,45be6f
nectarine,11870
nectarine,49074
nectarine,39143
nectarine,9a4b9c
nectarine,7dbc38
nectarine,37937
nectarine,72bb9e
nectarine,da34a9
nectarine,1da7d9
nectarine,47835
nectarine,47573
nectarine,12959
nectarine,36445
nectarine,9f938b
nectarine,822468
nectarine,d8a3f5
nectarine,23845
nectarine,38077
nectarine,f3a4d0
nectarine,23843
nectarine,39c619
nectarine,49733
nectarine,49036
nectarine,39895
nectarine,47816
nectarine,63daa8
orange,47334
orange,46956
orange,27537
orange,46985
orange,8981
orange,34225f
orange,2ea734
orange,36335
orange,35616
orange,b47042
orange,cf7da5
orange,37496
orange,3958ba
orange,20646
orange,8e279c
orange,066913
orange,47990
orange,37478
orange,46990
orange,54425
orange,46964
orange,49630
orange,36843
orange,36139
orange,34336
orange,36887
orange,19e1a4
orange,35124
papaya,d1380c
papaya,49129
papaya,f72a17
papaya,06f4bb
papaya,7b89f8
papaya,c5880c
papaya,415703
papaya,31222
papaya,147756
papaya,5dff28
papaya,6083ef
papaya,20715
papaya,21208
papaya,b46981
papaya,18963
papaya,88b707
papaya,46e269
papaya,52924
papaya,fa0537
papaya,33192
papaya,ac2e1f
papaya,752c00
papaya,38122
papaya,837b2b
papaya,31376
papaya,5993
papaya,51747
papaya,13987
passion fruit,b45549
passion fruit,c5880c
passion fruit,496aed
passion fruit,4560
passion fruit,18cc4b
passion fruit,ae3d8e
passion fruit,79d687
passion fruit,1164e3
passion fruit,2e8967
passion fruit,9f0221
passion fruit,ecff57
passion fruit,19502
passion fruit,41326a
passion fruit,ac1c18
passion fruit,53583
passion fruit,3e389b
passion fruit,95d50a
passion fruit,89760c
passion fruit,26e1d1
passion fruit,8ab7af
passion fruit,d4484e
passion fruit,34395
passion fruit,37283
passion fruit,49808
passion fruit,316274
passion fruit,8da53d
peach,46956
peach,36482
peach,8a4c0f
peach,29613
peach,47005
peach,54491
peach,54334
peach,34447
peach,39684
peach,54353
peach,47016
peach,ff6c57
peach,80bdf9
peach,f54da9
peach,39867
peach,11870
peach,35099
peach,fb6ac1
peach,15023
peach,49033
peach,eea8ce
peach,54356
peach,46997
peach,54333
peach,6e0f04
peach,49074
peach,99f2cb
peach,38929
pear,46956
pear,36482
pear,49d43c
pear,ea8d38
pear,47191
pear,40ce50
pear,409bef
pear,27152
pear,54410
pear,35919
pear,54634
pear,38230
pear,543648
pear,39595
pear,fbae62
pear,13740
pear,38434
pear,4f1c5e
pear,49244
pear,47086
pear,a51392
pear,458fd3
pear,995bcc
pear,49559
pear,37501
pear,39814
pineapple,46946
pineapple,34225f
pineapple,37496
pineapple,54492
pineapple,36474
pineapple,47138
pineapple,36440
pineapple,35474
pineapple,47068
pineapple,16100
pineapple,ded8db
pineapple,37048
pineapple,104609
pineapple,54503
pineapple,6efb38
pineapple,0639bc
pineapple,ae6f30
pineapple,0d2d55
pineapple,47057
pineapple,48988
pineapple,46916
pineapple,9caae8
pineapple,54367
pineapple,33c0ee
pineapple,4320b0
pineapple,35387
plum,36482
plum,35852
plum,4f0272
plum,a4f1a5
plum,47851
plum,47294
plum,11581
plum,7202
plum,15800
plum,47372
plum,35572
plum,12a188
plum,b66d90
plum,35956
plum,49436
plum,39b2d5
plum,50724
plum,0063b5
plum,36859
plum,8ba703
plum,35148
plum,3236
plum,36818
plum,ae0f34
plum,eb61fb
plum,2049
pomegranate,94e1a4
pomegranate,48921
pomegranate,36306
pomegranate,47749
pomegranate,7d3f8d
pomegranate,51971
pomegranate,54576
pomegranate,ee0249
pomegranate,6efb38
pomegranate,47085
pomegranate,54291
pomegranate,82cef6
pomegranate,df37a1
pomegranate,88c0ae
pomegranate,47687
pomegranate,5efbb4
pomegranate,49439
pomegranate,271c9b
pomegranate,eb3942
pomegranate,c709aa
pomegranate,e36920
pomegranate,4d03d1
pomegranate,c34178
pomegranate,71ecf4
pomegranate,36724
pomegranate,e067bc
pomegranate,622552
pomegranate,126c33
quince,e188db
quince,ddc55c
quince,feb399
quince,e8ed23
quince,d1d66b
quince,c9dad1
quince,47816
quince,16838
quince,b35e35
quince,5dabba
quince,1d5a9e
quince,cfc6dd
quince,26052
quince,26051
quince,6a90d7
quince,51990
quince,9eabe6
quince,51286
quince,8eda99
quince,51379
quince,2581
quince,c2aae1
quince,51288
quince,30148
quince,d48069
raspberry,46956
raspberry,35749
raspberry,713d4a
raspberry,47018
raspberry,36717
raspberry,37775
raspberry,c74cbe
raspberry,8de30d
raspberry,ad44c8
raspberry,c44726
raspberry,31822
raspberry,46964
raspberry,3b5579
raspberry,ebf69a
raspberry,36e13b
raspberry,49299
raspberry,e83452
raspberry,36813
raspberry,1d1377
raspberry,47115
raspberry,45be6f
raspberry,54487
raspberry,54318
raspberry,47112
raspberry,33152
strawberry,a6d6e1
strawberry,99b1c6
strawberry,54362
strawberry,ddf639
strawberry,35606
strawberry,46914
strawberry,2d1843
strawberry,8149
strawberry,c74cbe
strawberry,20646
strawberry,88843c
strawberry,30850
strawberry,54364
strawberry,30832
strawberry,3b6458
strawberry,54395
strawberry,986b48
strawberry,33552
strawberry,527926
strawberry,12f004
strawberry,54425
strawberry,35128
strawberry,ebf69a
strawberry,47236
strawberry,49299
strawberry,30697
strawberry,0a4122
watermelon,ccaf14
watermelon,7266df
watermelon,49085
watermelon,80bdf9
watermelon,d40954
watermelon,47870
watermelon,e66564
watermelon,dac642
watermelon,34209
watermelon,47013
watermelon,e3ce90
watermelon,73edb8
watermelon,ed2ddf
watermelon,6fc2c6
watermelon,e39562
watermelon,b54062
watermelon,7602a3
watermelon,34232
watermelon,e2e176
watermelon,8a4c24
watermelon,6dbda7
watermelon,38682
watermelon,a46d2a
watermelon,34204
watermelon,34211
watermelon,50086
watermelon,77b706
salad,34889
salad,47334
salad,5cc4a8
salad,47106
salad,2d1843
salad,6132fc
salad,35671
salad,46944
salad,31784
salad,7faef6
salad,46958
salad,47990
salad,1db784
salad,28887
salad,47249
salad,1114
salad,1203
salad,54343
salad,35734
salad,35639
salad,28923
salad,2272
salad,13552
salad,7203
salad,27974
salad,48137
salad,2126
salad,54291
pizza,47746
pizza,46956
pizza,35477
pizza,41470
pizza,35478
pizza,54454
pizza,2ec050
pizza,6fab1c
pizza,49346
pizza,36453
pizza,35626
pizza,17796
pizza,35097
pizza,46895
pizza,35635
pizza,47000
pizza,54491
pizza,38812
pizza,dd21dd
pizza,47011
pizza,0fb8f4
pizza,36476
pizza,47161
pizza,a723e8
pizza,54388
pizza,ead4e0
pizza,46892
pizza,35128
pasta,47025
pasta,8f3e73
pasta,47032
pasta,54426
pasta,47275
pasta,46943
pasta,46882
pasta,9adcbc
pasta,2658
pasta,35628
pasta,35401
pasta,47296
pasta,46922
pasta,47361
pasta,c465d3
pasta,47991
pasta,47118
pasta,bc5311
pasta,7202
pasta,54290
pasta,47041
pasta,f852ec
pasta,054a70
pasta,54277
pasta,35498
popcorn,54455
popcorn,36722
popcorn,54397
popcorn,54423
popcorn,8d586a
popcorn,5923
popcorn,47934
popcorn,22794
popcorn,fb8352
popcorn,2263
popcorn,3692
popcorn,555e52
popcorn,35245
popcorn,39879
popcorn,35468
popcorn,49572
popcorn,54271
popcorn,2b554e
popcorn,38372
popcorn,22780
popcorn,698e40
popcorn,f0b92c
popcorn,11cb6e
popcorn,24844
popcorn,47637
popcorn,70dfe0
popcorn,dab447
popcorn,81066a
lobster,36032
lobster,669944
lobster,a7b885
lobster,14eccc
lobster,36472
lobster,780698
lobster,48855
lobster,47924
lobster,ff6e5a
lobster,b5933d
lobster,30585
lobster,acebc9
lobster,214a50
lobster,59da98
lobster,20355
lobster,52792
lobster,20346
lobster,686a6a
lobster,eb91eb
lobster,41a1ab
lobster,8626
lobster,48370
lobster,13317
lobster,18343
lobster,36485
lobster,48938
steak,686088
steak,47090
steak,47107
steak,47050
steak,46913
steak,316ca9
steak,47000
steak,0c8922
steak,46899
steak,36413
steak,21700
steak,2715
steak,efa22e
steak,47040
steak,32024
steak,47249
steak,36883
steak,991f5f
steak,47266
steak,47056
steak,38748
steak,f5ebca
steak,6dcbdb
steak,a1ef43
steak,47027
steak,12481
steak,348ecd
bbq,46963
bbq,41470
bbq,606bf4
bbq,e40950
bbq,35581
bbq,35098
bbq,47247
bbq,7aacb5
bbq,47155
bbq,47761
bbq,54952
bbq,35099
bbq,54367
bbq,35830
bbq,bc868e
bbq,54982
bbq,54977
bbq,3192
bbq,54978
bbq,35194
bbq,5dc6b4
bbq,058f86
bbq,1230
bbq,ca0dc4
bbq,3165
bbq,35132
bbq,28892
bbq,36964
pudding,10467
pudding,54536
pudding,9822d9
pudding,35355
pudding,47796
pudding,71b8da
pudding,7def59
pudding,9cf50e
pudding,36830
pudding,54341
pudding,fd9bc4
pudding,54337
pudding,ea8b1a
pudding,4cf069
pudding,15a463
pudding,54415
pudding,14c8b6
pudding,54299
pudding,8361f6
pudding,37065
pudding,38107
pudding,0e1ca6
pudding,450c33
pudding,35679
pudding,47061
pudding,32437
hamburger,29057
hamburger,9eb23b
hamburger,35119
hamburger,35109
hamburger,6fab1c
hamburger,36942
hamburger,36765
hamburger,2296
hamburger,30009
hamburger,e370f7
hamburger,35108
hamburger,29107
hamburger,333fee
hamburger,8573
hamburger,17711
hamburger,b59411
hamburger,35830
hamburger,814b6f
hamburger,4860
hamburger,54301
hamburger,5b1195
hamburger,32099
hamburger,47121
hamburger,6335
hamburger,28063
hamburger,5816
hamburger,2254
hamburger,a7150f
hamburger,bc7c70
pie,36259
pie,35499
pie,29426
pie,c79d26
pie,47346
pie,98b7da
pie,46992
pie,36721
pie,49408
pie,28921
pie,0335c0
pie,37045
pie,46868
pie,29795
pie,e1e561
pie,54a480
pie,13020e
pie,0c147f
pie,79c57c
pie,9220b6
pie,35660
pie,86a83a
pie,03fe80
pie,31904
pie,d8a889
cake,fbc7af
cake,54439
cake,54363
cake,b66bb2
cake,47030
cake,54416
cake,ddf639
cake,47128
cake,30501
cake,32997
cake,47038
cake,46914
cake,47051
cake,9a4dbe
cake,47276
cake,de0320
cake,47206
cake,47647
cake,32738
cake,54282
cake,09a215
cake,31822
cake,3b6458
cake,701db5
cake,46888
cake,47328
cake,47284
cake,35929
sausage,8f3e73
sausage,4922
sausage,31372
sausage,34678
sausage,46884
sausage,6fab1c
sausage,35401
sausage,4f0272
sausage,9307
sausage,46895
sausage,17551
sausage,46991
sausage,6b95ab
sausage,37510
sausage,46892
sausage,36887
sausage,35131
sausage,36506
sausage,21636
sausage,06aa0d
sausage,1203
sausage,36050
sausage,dcc34c
sausage,35554
sausage,14753
sausage,27713
tacos,28924
tacos,28161
tacos,35624
tacos,13344
tacos,31917
tacos,35628
tacos,35626
tacos,35236
tacos,46931
tacos,47039
tacos,37122
tacos,236803
tacos,29102
tacos,3029fb
tacos,279062
tacos,31904
tacos,37478
tacos,39194
tacos,37756
tacos,32024
tacos,35224
tacos,39519
tacos,95866b
tacos,741a39
tacos,15536
tacos,46872
tacos,35268
tacos,22230
tacos,37909
tacos,35428
kebab,de1463
kebab,18608
kebab,ae07ba
kebab,b54a08
kebab,d94352
kebab,38427
kebab,37286
kebab,06f693
kebab,39766
kebab,25af78
kebab,38403
kebab,29c48b
kebab,38853
kebab,18681a
kebab,37858
kebab,36425
kebab,15208
kebab,91ed3c
kebab,37788
kebab,bec2b4
kebab,5d1195
kebab,490472
kebab,938123
poutine,35324
poutine,47716
poutine,26362
poutine,91120c
poutine,35489
poutine,25326
poutine,05a636
seafood,6b95ab
seafood,15536
seafood,13866
seafood,0e078c
seafood,48165
seafood,11109
seafood,006b78
seafood,90b236
seafood,40124
seafood,c88f09
seafood,2513
seafood,dc4dfa
seafood,39947
seafood,2404
seafood,29593
seafood,5437
seafood,18823
seafood,16191
seafood,39891
seafood,f237d6
seafood,9803
seafood,48218
seafood,39346
seafood,36932
seafood,326e1b
seafood,78b1a9
seafood,11179
seafood,ad182d
chips,54463
chips,6868
chips,54536
chips,3640
chips,54285
chips,54296
chips,54374
chips,3607
chips,2092
chips,ed9409
chips,25585
chips,35740
chips,54346
chips,09a215
chips,701db5
chips,54456
chips,98c380
chips,2499
chips,af31a3
chips,47656
chips,a4c572
chips,587e0f
chips,54337
chips,18504
chips,173424
fries,36665
fries,46959
fries,13020e
fries,16576
fries,35264
fries,41455
fries,35266
fries,54670
fries,25251
fries,47114
fries,14546
fries,36760
fries,35908
fries,a1ef43
fries,c79dfb
fries,54981
fries,47947
fries,47982
fries,47126
fries,49388
fries,37016
fries,48355
fries,fe922c
fries,32819
fries,47977
fries,47975
fries,47627
masala,2fdcab
masala,39635
masala,7532
masala,47ff2e
masala,b07a47
masala,d71581
masala,ee0249
masala,1aec9d
masala,35316
masala,e354f0
masala,10925
masala,726baf
masala,35219
masala,14159
masala,f1226d
masala,7530dd
masala,59689e
masala,de8864
masala,1968
masala,7ab83a
masala,33812
masala,47959
masala,871534
paella,6b95ab
paella,48976
paella,12240
paella,e02c92
paella,75358e
paella,921c37
paella,5163fe
paella,585784
paella,1998
paella,18738
paella,762c9a
paella,82c37b
paella,dc15a3
paella,2daa3f
paella,0e2274
paella,dccb2f
paella,41a1ab
paella,49928
paella,5446
paella,fac8f6
paella,50244
paella,fa20d0
paella,7edb79
paella,53073
chicken,35120
chicken,35169
chicken,34889
chicken,46906
chicken,46996
chicken,47194
chicken,0c2e90
chicken,47064
chicken,46982
chicken,47070
chicken,28924
chicken,46947
chicken,34810
chicken,4500
chicken,2495
chicken,47264
chicken,47167
chicken,35168
chicken,9eb23b
chicken,46933
chicken,46882
chicken,aad814
chicken,35629
chicken,46979
chicken,36043
chicken,2fdcab
chicken,484d98
chicken,26851
toast,35499
toast,47139
toast,54279
toast,47143
toast,18647
toast,35479
toast,36335
toast,47018
toast,10546
toast,f2cfd6
toast,d18229
toast,66514f
toast,7a15fd
toast,54321
toast,54395
toast,13640
toast,35124
toast,13637
toast,13458
toast,39878
toast,54353
toast,10716
toast,2471
toast,782ae2
toast,15023
toast,49749
toast,1456
toast,9ce154
marzipan,edc1de
marzipan,605921
marzipan,776254
marzipan,c82994
marzipan,ee3d24
marzipan,cd9f94
marzipan,77a54c
marzipan,62f797
marzipan,2ca43c
marzipan,578f2f
marzipan,a09f53
marzipan,36704
marzipan,28092
marzipan,9b2a6e
marzipan,85cf3a
marzipan,3a995b
marzipan,1635b7
marzipan,715c29
marzipan,1b19c3
marzipan,2c88db
marzipan,8629
marzipan,b7be3e
marzipan,56f89c
marzipan,2a38f7
marzipan,498cb8
marzipan,7f2949
tofu,48136
tofu,46949
tofu,055aae
tofu,47946
tofu,47867
tofu,48079
tofu,47990
tofu,35222
tofu,47936
tofu,47961
tofu,39519
tofu,f346e7
tofu,47872
tofu,48027
tofu,47947
tofu,47998
tofu,39486
tofu,47909
tofu,9122
tofu,47986
tofu,47992
tofu,54336
tofu,0e9d42
tofu,32819
ketchup,35107
ketchup,a75af6
ketchup,ddb388
ketchup,47101
ketchup,19d885
ketchup,35109
ketchup,27381
ketchup,36223
ketchup,21658
ketchup,47146
ketchup,46942
ketchup,36942
ketchup,4914
ketchup,13007
ketchup,28854
ketchup,4951db
ketchup,47114
ketchup,22934
ketchup,35631
ketchup,36050
ketchup,36400
ketchup,2296
ketchup,47149
ketchup,12202
ketchup,37843
ketchup,37048
ketchup,f8d1b6
ketchup,c38f22
hummus,473f92
hummus,38803
hummus,ac8c76
hummus,39175
hummus,f188b5
hummus,b07aa4
hummus,31a0a5
hummus,ee652d
hummus,38102
hummus,c4788d
hummus,c772a1
hummus,a7d01e
hummus,17080
hummus,17079
hummus,15213
hummus,b9e041
hummus,17072
hummus,31284
hummus,22428
hummus,52530
hummus,48140
hummus,0e1823
hummus,48376
hummus,17074
hummus,710
hummus,22121
hummus,37326
hummus,48058
chili,35368
chili,690
chili,16553
chili,35404
chili,54419
chili,28924
chili,19d885
chili,1e8916
chili,48364
chili,46949
chili,46874
chili,46992
chili,35479
chili,4386
chili,31917
chili,35616
chili,39943
chili,36767
chili,35096
chili,47111
chili,47146
chili,d740fd
chili,47008
chili,12970
chili,35294
chili,36770
chili,35910
chili,47039
maple syrup,8a4c0f
maple syrup,18647
maple syrup,35749
maple syrup,46979
maple syrup,ffc273
maple syrup,36335
maple syrup,47018
maple syrup,36042
maple syrup,47647
maple syrup,47003
maple syrup,1a6a61
maple syrup,46926
maple syrup,46958
maple syrup,7bbe66
maple syrup,46888
maple syrup,54456
maple syrup,66181b
maple syrup,54371
maple syrup,35432
maple syrup,46885
maple syrup,35164
maple syrup,d9dbc6
maple syrup,49345
parma ham,4027f7
parma ham,b93a28
parma ham,757760
parma ham,6e29c7
parma ham,1b9868
parma ham,90dff6
parma ham,e97655
parma ham,fe16bb
parma ham,344b99
parma ham,a1b85a
parma ham,a14587
parma ham,00a63c
parma ham,0f3fbf
parma ham,28e5e6
parma ham,387567
parma ham,01e198
parma ham,1708
parma ham,fb19f5
parma ham,9ae803
parma ham,649101
parma ham,025a6e
parma ham,8a525a
parma ham,5167ab
parma ham,ea12f0
fajitas,47056
fajitas,37010
fajitas,3ddc2a
fajitas,46865
fajitas,12981
fajitas,7198
fajitas,54430
fajitas,33763
fajitas,f27cad
fajitas,7e8de5
fajitas,54941
fajitas,54339
fajitas,54412
fajitas,35204
fajitas,37846
fajitas,2707de
fajitas,7197
fajitas,38534
fajitas,39884
fajitas,5c1a6f
fajitas,21921
fajitas,28734
fajitas,a62046
fajitas,37160
fajitas,12950
fajitas,9335
champ,d189ed
champ,17326
champ,835a45
champ,88f8bb
champ,43fe0e
champ,7efd1e
champ,d1f0a0
champ,80299d
champ,2b66e3
champ,df1cd9
champ,c90fac
lasagna,34678
lasagna,47036
lasagna,36536
lasagna,48979
lasagna,40d135
lasagna,f346e7
lasagna,38973
lasagna,39163
lasagna,36537
lasagna,28633
lasagna,54565
lasagna,6631
lasagna,1835
lasagna,32815
lasagna,1b6627
lasagna,12923
lasagna,1037
lasagna,10287
lasagna,38005
lasagna,1703
lasagna,873bd6
lasagna,18930
lasagna,2591da
lasagna,29161
lasagna,6dd844
lasagna,34813
lasagna,50442
lasagna,b76747
lasagna,18019
lasagna,4351
poke,9171
poke,66475b
poke,14371
poke,727
poke,19633
poke,728
poke,25463
poke,bc15d8
poke,19587
poke,3fea33
poke,21834
poke,21836
poke,36292d
poke,9bbdb0
poke,699bbf
poke,20631
poke,1f98d4
poke,2a3b98
poke,98dfd2
poke,87f871
poke,a5d987
poke,8387
poke,21838
poke,ea6127
poke,f1b149
poke,bc3fbb
chocolate,9089e3
chocolate,35354
chocolate,47692
chocolate,54439
chocolate,47818
chocolate,35560
chocolate,54363
chocolate,47797
chocolate,0a40aa
chocolate,e7f5ec
chocolate,9754b7
chocolate,b66bb2
chocolate,54536
chocolate,47030
chocolate,54285
chocolate,19928
chocolate,54455
chocolate,46896
chocolate,54296
chocolate,54279
chocolate,40152
chocolate,30501
chocolate,32997
croissant,38107
croissant,48236
croissant,47616
croissant,706403
croissant,10f4af
croissant,20940
croissant,26892
croissant,079624
croissant,11081
croissant,4673
croissant,00c272
croissant,cc9521
croissant,7761e3
croissant,2817
croissant,6b0338
croissant,d6eeaf
croissant,16834
croissant,10672
croissant,52973
croissant,53042
croissant,224ec0
croissant,22541
croissant,1c5238
croissant,cce16a
croissant,33502
croissant,0ffb94
croissant,7126
croissant,666f9e
croissant,9753
arepas,6fb135
arepas,3bf317
arepas,53616
arepas,33739
arepas,b678f9
arepas,1638
arepas,12c1c9
arepas,273e58
arepas,45889
bunny chow,55a906
bunny chow,bd5351
pierogi,38817
pierogi,21158
pierogi,12271
pierogi,19118
pierogi,25b74e
pierogi,21156
pierogi,37418
pierogi,21162
pierogi,21160
pierogi,27622
pierogi,19123
pierogi,25197
pierogi,2155
pierogi,5d8d15
pierogi,de3f86
pierogi,7ba94e
pierogi,5b79f9
pierogi,21163
pierogi,21a3a9
pierogi,e838a5
pierogi,46192
pierogi,91443f
pierogi,9e75b6
donuts,11523
donuts,54458
donuts,fbd4ba
donuts,70ef10
donuts,224b14
donuts,8cede5
donuts,7a41bf
donuts,e33f4f
donuts,8c4ef1
donuts,4c19da
donuts,5196c3
donuts,4da018
donuts,5ad37e
donuts,512a9f
donuts,9213
donuts,31117
donuts,16582
donuts,17851
donuts,215e22
donuts,5a0ac1
donuts,f4a658
rendang,20984
rendang,17267
rendang,18ceeb
rendang,29836
sushi,367438
sushi,48027
sushi,35174
sushi,fb51a3
sushi,47261
sushi,89d398
sushi,31402
sushi,31ab0a
sushi,5545
sushi,30231
sushi,29210
sushi,1c2525
sushi,31403
sushi,10782
sushi,48323
sushi,87a3fe
sushi,4f8347
sushi,0adfdb
sushi,fe61d3
sushi,19765
sushi,20740
sushi,18474
sushi,0bf2cb
sushi,54122
sushi,23337
sushi,a49637
sushi,18679
sushi,23d7c9
sushi,218e29
ice cream,b1bbf4
ice cream,54504
ice cream,48975
ice cream,5901
ice cream,37568
ice cream,8dedba
ice cream,1fd460
ice cream,38124
ice cream,dc6ade
ice cream,39225
ice cream,c36cc1
ice cream,df3220
ice cream,39856
ice cream,8ad4b7
ice cream,49995
ice cream,38400
ice cream,91ac66
ice cream,6fe7f7
ice cream,50905
ice cream,d5b883
ice cream,dddd57
ice cream,12137
ice cream,c10607
ice cream,7a3d4b
ice cream,50947
ice cream,8045
ice cream,49192
duck,47057
duck,963cb1
duck,88c0ae
duck,41327e
duck,5360d9
duck,35286
duck,2d39b7
duck,208a50
duck,975833
duck,47009
duck,ea98e9
duck,a19457
duck,865499
duck,48972
duck,e6aef5
duck,ae81b2
duck,36253
duck,35285
duck,db1e73
duck,6ed803
duck,2231d5
duck,26900
duck,4c1158
duck,24865
duck,628dae
curry,26417
curry,47979
curry,39717
curry,bab8b4
curry,47865
curry,36512
curry,47990
curry,10866
curry,20b18f
curry,47877
curry,f37a75
curry,ee6fc1
curry,2484af
curry,39812
curry,47071
curry,35474
curry,a402ac
curry,33863
curry,f3ceb9
curry,cf056a
curry,48805
curry,ac25f2
curry,bedf9d
beef,35107
beef,47078
beef,8f3e73
beef,36259
beef,46908
beef,46993
beef,ddb388
beef,34678
beef,46963
beef,46884
beef,48364
beef,47297
beef,49640
beef,28878
beef,46876
beef,35119
beef,35109
beef,29037
beef,35624
beef,27381
beef,2658
beef,35628
beef,36223
beef,c826a0
beef,316ca9
beef,35779
goat,47923
goat,e7fdb2
goat,47176
goat,35628
goat,66514f
goat,46870
goat,47991
goat,35671
goat,ea8d38
goat,47775
goat,ff94b3
goat,236803
goat,36512
goat,56c0e4
goat,35553
goat,41755f
goat,504bb7
goat,35508
goat,39519
goat,35611
goat,7e61cf
goat,49331
goat,0df822
goat,35343
goat,35218
goat,54311
lamb,1b460b
lamb,f2fb49
lamb,86a83a
lamb,2c910e
lamb,36512
lamb,fd513a
lamb,2fdc23
lamb,35334
lamb,43dfdb
lamb,19b4ab
lamb,36053
lamb,35356
lamb,b6ac60
lamb,36837
lamb,35398
lamb,795c2e
lamb,26975
lamb,5cdf25
lamb,e6daf6
lamb,36624
lamb,17352
lamb,0e6931
lamb,18859
lamb,36403
lamb,931dda
lamb,5dea77
lamb,18887
turkey,46923
turkey,339ce3
turkey,36611
turkey,16580
turkey,46975
turkey,03fe80
turkey,46974
turkey,32219
turkey,28653
turkey,46988
turkey,679
turkey,37102
turkey,18fcad
turkey,25764
turkey,39780
turkey,a30805
turkey,d22e47
turkey,30009
turkey,47037
turkey,17201
turkey,39478
turkey,409bef
turkey,36614
turkey,35647
turkey,d6fa3f
turkey,27192
turkey,46960
turkey,49521
pork,46946
pork,29057
pork,27945
pork,47198
pork,4f0272
pork,47003
pork,c9733a
pork,e40950
pork,03fe80
pork,48831
pork,47303
pork,999
pork,36753
pork,49630
pork,2715
pork,32463
pork,28854
pork,50480
pork,b2ce93
pork,fe4aaa
pork,46952
pork,36440
pork,13271
pork,18fcad
pork,15463
fish,48364
fish,35236
fish,35910
fish,7bbe66
fish,279062
fish,35640
fish,35224
fish,7c5c31
fish,35474
fish,35577
fish,35428
fish,36074
fish,41452
fish,35639
fish,35452
fish,35669
fish,48991
fish,6cde1a
fish,2287ec
fish,9491f8
fish,788449
fish,3c9b09
fish,36320
fish,36032
fish,887e4a
fish,47057
crab,859525
crab,47258
crab,36032
crab,fca6e8
crab,49481
crab,11109
crab,35825
crab,e40ff7
crab,56c8b8
crab,03c768
crab,2c900f
crab,7ba97c
crab,2710e4
crab,49453
crab,0b4d06
crab,20452
crab,e5f0c4
crab,21912
crab,5435
crab,48283
crab,35252
crab,4705
crab,5d5a09
crab,36119
bacon,35120
bacon,35107
bacon,47349
bacon,47084
bacon,4922
bacon,35404
bacon,35111
bacon,46879
bacon,31372
bacon,35069
bacon,3676
bacon,dd2ad1
bacon,47101
bacon,46985
bacon,35118
bacon,47119
bacon,47264
bacon,46918
bacon,2581e6
bacon,47106
bacon,35119
bacon,4386
bacon,35109
bacon,35110
bacon,47176
bacon,47364
bacon,6fab1c
bacon,7d8e83
bacon,35136
ham,46938
ham,36453
ham,11264
ham,e3708d
ham,56bbdf
ham,694798
ham,35432
ham,36179
ham,36440
ham,49345
ham,12302
ham,81a4c3
ham,35786
ham,35532
ham,30409
ham,2402
ham,25519
ham,c84745
ham,37000
ham,47037
ham,50429
ham,16729
ham,38517
ham,bae63c
ham,f02e8a
ham,65f621
ham,85bf75
ham,35919
ham,38751
pepperoni,35477
pepperoni,35478
pepperoni,2ec050
pepperoni,6fab1c
pepperoni,36453
pepperoni,46895
pepperoni,36476
pepperoni,46892
pepperoni,21636
pepperoni,1203
pepperoni,2126
pepperoni,15227
pepperoni,13072
pepperoni,c72d62
pepperoni,20615
pepperoni,17016
pepperoni,317fa6
pepperoni,30914
pepperoni,26355
pepperoni,11565
pepperoni,21673
pepperoni,21291
pepperoni,bcbf54
pepperoni,33652
pepperoni,5565
pepperoni,33022
pepperoni,34813
pepperoni,1209
pepperoni,53485
salami,1203
salami,2126
salami,ebd34d
salami,7af965
salami,27379
salami,082f42
salami,36efa2
salami,47131
salami,38948
salami,619027
salami,89c0cd
salami,1209
salami,17581
salami,7dd3d7
salami,5ba269
salami,37316
salami,23554
salami,230e00
salami,23498d
salami,40085
salami,40193
salami,49373
salami,ab5727
salami,26357
salami,16459
salami,2c49d4
salami,7b102b
ribs,27945
ribs,35324
ribs,38736
ribs,36777
ribs,14315
ribs,48831
ribs,36561
ribs,46969
ribs,36342
ribs,54294
ribs,49299
ribs,35865
ribs,36670
ribs,2eb09d
ribs,36924
ribs,36050
ribs,47184
ribs,e238d7
ribs,f3ceb9
ribs,36053
ribs,50331
ribs,54683
ribs,055eb1
ribs,37010
ribs,f69f3e
ribs,f8c030
